"DATE,""TIME PERIOD"",""HICP - Overall index (ICP.M.DE.N.000000.4.ANR)"",""HICP - Energy (ICP.M.DE.N.NRGY00.4.ANR)"",""(LFSI.M.DE.S.UNEHRT.TOTAL0.15_74.T)"""
"1991-01-31,""1991Jan"","""","""",""5.227444"""
"1991-02-28,""1991Feb"","""","""",""5.237838"""
"1991-03-31,""1991Mar"","""","""",""5.257498"""
"1991-04-30,""1991Apr"","""","""",""5.288734"""
"1991-05-31,""1991May"","""","""",""5.345721"""
"1991-06-30,""1991Jun"","""","""",""5.432728"""
"1991-07-31,""1991Jul"","""","""",""5.535147"""
"1991-08-31,""1991Aug"","""","""",""5.640756"""
"1991-09-30,""1991Sep"","""","""",""5.739520"""
"1991-10-31,""1991Oct"","""","""",""5.826743"""
"1991-11-30,""1991Nov"","""","""",""5.899503"""
"1991-12-31,""1991Dec"","""","""",""5.960993"""
"1992-01-31,""1992Jan"","""","""",""6.019721"""
"1992-02-29,""1992Feb"","""","""",""6.086864"""
"1992-03-31,""1992Mar"","""","""",""6.171593"""
"1992-04-30,""1992Apr"","""","""",""6.276541"""
"1992-05-31,""1992May"","""","""",""6.393789"""
"1992-06-30,""1992Jun"","""","""",""6.515033"""
"1992-07-31,""1992Jul"","""","""",""6.635093"""
"1992-08-31,""1992Aug"","""","""",""6.752445"""
"1992-09-30,""1992Sep"","""","""",""6.864642"""
"1992-10-31,""1992Oct"","""","""",""6.971084"""
"1992-11-30,""1992Nov"","""","""",""7.071634"""
"1992-12-31,""1992Dec"","""","""",""7.166499"""
"1993-01-31,""1993Jan"","""","""",""7.259238"""
"1993-02-28,""1993Feb"","""","""",""7.354191"""
"1993-03-31,""1993Mar"","""","""",""7.451173"""
"1993-04-30,""1993Apr"","""","""",""7.548200"""
"1993-05-31,""1993May"","""","""",""7.645300"""
"1993-06-30,""1993Jun"","""","""",""7.741592"""
"1993-07-31,""1993Jul"","""","""",""7.835521"""
"1993-08-31,""1993Aug"","""","""",""7.926413"""
"1993-09-30,""1993Sep"","""","""",""8.015484"""
"1993-10-31,""1993Oct"","""","""",""8.102624"""
"1993-11-30,""1993Nov"","""","""",""8.191405"""
"1993-12-31,""1993Dec"","""","""",""8.284726"""
"1994-01-31,""1994Jan"","""","""",""8.379467"""
"1994-02-28,""1994Feb"","""","""",""8.464282"""
"1994-03-31,""1994Mar"","""","""",""8.525625"""
"1994-04-30,""1994Apr"","""","""",""8.553946"""
"1994-05-31,""1994May"","""","""",""8.538042"""
"1994-06-30,""1994Jun"","""","""",""8.511282"""
"1994-07-31,""1994Jul"","""","""",""8.473954"""
"1994-08-31,""1994Aug"","""","""",""8.433273"""
"1994-09-30,""1994Sep"","""","""",""8.392201"""
"1994-10-31,""1994Oct"","""","""",""8.349149"""
"1994-11-30,""1994Nov"","""","""",""8.300980"""
"1994-12-31,""1994Dec"","""","""",""8.246291"""
"1995-01-31,""1995Jan"","""","""",""8.188402"""
"1995-02-28,""1995Feb"","""","""",""8.136393"""
"1995-03-31,""1995Mar"","""","""",""8.072929"""
"1995-04-30,""1995Apr"","""","""",""8.067482"""
"1995-05-31,""1995May"","""","""",""8.090532"""
"1995-06-30,""1995Jun"","""","""",""8.136349"""
"1995-07-31,""1995Jul"","""","""",""8.196355"""
"1995-08-31,""1995Aug"","""","""",""8.261934"""
"1995-09-30,""1995Sep"","""","""",""8.325881"""
"1995-10-31,""1995Oct"","""","""",""8.383974"""
"1995-11-30,""1995Nov"","""","""",""8.435076"""
"1995-12-31,""1995Dec"","""","""",""8.481736"""
"1996-01-31,""1996Jan"",""0.5"","""",""8.527429"""
"1996-02-29,""1996Feb"",""0.7"","""",""8.574675"""
"1996-03-31,""1996Mar"",""0.8"","""",""8.626362"""
"1996-04-30,""1996Apr"",""0.5"","""",""8.685877"""
"1996-05-31,""1996May"",""0.7"","""",""8.755187"""
"1996-06-30,""1996Jun"",""0.5"","""",""8.834337"""
"1996-07-31,""1996Jul"",""0.7"","""",""8.920309"""
"1996-08-31,""1996Aug"",""0.5"","""",""9.008735"""
"1996-09-30,""1996Sep"",""0.7"","""",""9.096915"""
"1996-10-31,""1996Oct"",""0.8"","""",""9.186276"""
"1996-11-30,""1996Nov"",""0.7"","""",""9.278500"""
"1996-12-31,""1996Dec"",""0.7"","""",""9.372428"""
"1997-01-31,""1997Jan"",""1.9"",""5.4"",""9.463958"""
"1997-02-28,""1997Feb"",""1.6"",""4.3"",""9.545693"""
"1997-03-31,""1997Mar"",""1.3"",""3.5"",""9.609023"""
"1997-04-30,""1997Apr"",""1.2"",""2.1"",""9.650182"""
"1997-05-31,""1997May"",""1.5"",""2.3"",""9.672289"""
"1997-06-30,""1997Jun"",""1.5"",""3.0"",""9.680599"""
"1997-07-31,""1997Jul"",""1.6"",""3.0"",""9.679742"""
"1997-08-31,""1997Aug"",""1.7"",""4.5"",""9.672816"""
"1997-09-30,""1997Sep"",""1.4"",""2.3"",""9.663598"""
"1997-10-31,""1997Oct"",""1.5"",""1.5"",""9.656240"""
"1997-11-30,""1997Nov"",""1.6"",""1.0"",""9.655905"""
"1997-12-31,""1997Dec"",""1.4"",""0.4"",""9.661189"""
"1998-01-31,""1998Jan"",""0.7"",""-2.4"",""9.664184"""
"1998-02-28,""1998Feb"",""0.5"",""-2.5"",""9.654794"""
"1998-03-31,""1998Mar"",""0.5"",""-2.5"",""9.626993"""
"1998-04-30,""1998Apr"",""0.9"",""-1.5"",""9.580791"""
"1998-05-31,""1998May"",""0.9"",""-1.9"",""9.520057"""
"1998-06-30,""1998Jun"",""0.8"",""-2.1"",""9.449229"""
"1998-07-31,""1998Jul"",""0.8"",""-1.9"",""9.372272"""
"1998-08-31,""1998Aug"",""0.6"",""-4.3"",""9.292395"""
"1998-09-30,""1998Sep"",""0.5"",""-4.3"",""9.213578"""
"1998-10-31,""1998Oct"",""0.4"",""-4.9"",""9.137502"""
"1998-11-30,""1998Nov"",""0.4"",""-4.7"",""9.064119"""
"1998-12-31,""1998Dec"",""0.1"",""-5.5"",""8.992535"""
"1999-01-31,""1999Jan"",""0.3"",""-3.9"",""8.919803"""
"1999-02-28,""1999Feb"",""0.1"",""-4.1"",""8.845882"""
"1999-03-31,""1999Mar"",""0.5"",""-2.3"",""8.772107"""
"1999-04-30,""1999Apr"",""0.8"",""3.1"",""8.701008"""
"1999-05-31,""1999May"",""0.4"",""2.3"",""8.634790"""
"1999-06-30,""1999Jun"",""0.4"",""4.1"",""8.574428"""
"1999-07-31,""1999Jul"",""0.5"",""5.5"",""8.519401"""
"1999-08-31,""1999Aug"",""0.6"",""7.3"",""8.467418"""
"1999-09-30,""1999Sep"",""0.8"",""8.7"",""8.415014"""
"1999-10-31,""1999Oct"",""0.9"",""8.5"",""8.360411"""
"1999-11-30,""1999Nov"",""1.0"",""9.1"",""8.301849"""
"1999-12-31,""1999Dec"",""1.4"",""12.2"",""8.240225"""
"2000-01-31,""2000Jan"",""1.7"",""14.7"",""8.179800"""
"2000-02-29,""2000Feb"",""1.7"",""16.0"",""8.124344"""
"2000-03-31,""2000Mar"",""1.4"",""17.8"",""8.075740"""
"2000-04-30,""2000Apr"",""1.0"",""8.8"",""8.032819"""
"2000-05-31,""2000May"",""0.8"",""11.0"",""7.993952"""
"2000-06-30,""2000Jun"",""1.4"",""13.9"",""7.958106"""
"2000-07-31,""2000Jul"",""1.3"",""12.6"",""7.924555"""
"2000-08-31,""2000Aug"",""1.0"",""11.3"",""7.892923"""
"2000-09-30,""2000Sep"",""1.5"",""16.3"",""7.860998"""
"2000-10-31,""2000Oct"",""1.5"",""15.5"",""7.825056"""
"2000-11-30,""2000Nov"",""1.4"",""16.4"",""7.782877"""
"2000-12-31,""2000Dec"",""2.2"",""12.5"",""7.735770"""
"2001-01-31,""2001Jan"",""1.3"",""9.3"",""7.690226"""
"2001-02-28,""2001Feb"",""1.8"",""12.0"",""7.655570"""
"2001-03-31,""2001Mar"",""1.8"",""8.8"",""7.640474"""
"2001-04-30,""2001Apr"",""2.2"",""12.3"",""7.649424"""
"2001-05-31,""2001May"",""2.9"",""13.9"",""7.678865"""
"2001-06-30,""2001Jun"",""2.4"",""8.7"",""7.722770"""
"2001-07-31,""2001Jul"",""2.1"",""5.9"",""7.776150"""
"2001-08-31,""2001Aug"",""2.2"",""5.4"",""7.836446"""
"2001-09-30,""2001Sep"",""1.8"",""1.4"",""7.899369"""
"2001-10-31,""2001Oct"",""1.6"",""-0.8"",""7.961136"""
"2001-11-30,""2001Nov"",""1.4"",""-3.1"",""8.019187"""
"2001-12-31,""2001Dec"",""1.4"",""-2.5"",""8.072951"""
"2002-01-31,""2002Jan"",""2.0"",""0.5"",""8.123703"""
"2002-02-28,""2002Feb"",""1.8"",""-1.9"",""8.177635"""
"2002-03-31,""2002Mar"",""1.9"",""0.0"",""8.236488"""
"2002-04-30,""2002Apr"",""1.5"",""0.8"",""8.305967"""
"2002-05-31,""2002May"",""1.1"",""-2.7"",""8.391737"""
"2002-06-30,""2002Jun"",""0.9"",""-2.6"",""8.495868"""
"2002-07-31,""2002Jul"",""1.1"",""-0.5"",""8.613409"""
"2002-08-31,""2002Aug"",""1.1"",""0.2"",""8.736440"""
"2002-09-30,""2002Sep"",""1.1"",""-0.2"",""8.859364"""
"2002-10-31,""2002Oct"",""1.2"",""3.5"",""8.982055"""
"2002-11-30,""2002Nov"",""1.1"",""2.6"",""9.109341"""
"2002-12-31,""2002Dec"",""1.1"",""4.2"",""9.245322"""
"2003-01-31,""2003Jan"",""1.1"",""6.9"",""9.382928"""
"2003-02-28,""2003Feb"",""1.2"",""8.4"",""9.511301"""
"2003-03-31,""2003Mar"",""1.2"",""7.3"",""9.616680"""
"2003-04-30,""2003Apr"",""1.0"",""1.8"",""9.692093"""
"2003-05-31,""2003May"",""0.6"",""1.2"",""9.738193"""
"2003-06-30,""2003Jun"",""1.0"",""2.6"",""9.758932"""
"2003-07-31,""2003Jul"",""0.9"",""3.0"",""9.767838"""
"2003-08-31,""2003Aug"",""1.1"",""3.9"",""9.768315"""
"2003-09-30,""2003Sep"",""1.1"",""2.3"",""9.765273"""
"2003-10-31,""2003Oct"",""1.2"",""2.1"",""9.762922"""
"2003-11-30,""2003Nov"",""1.4"",""4.2"",""9.763627"""
"2003-12-31,""2003Dec"",""1.1"",""3.4"",""9.769885"""
"2004-01-31,""2004Jan"",""1.1"",""-0.1"",""9.779729"""
"2004-02-29,""2004Feb"",""0.8"",""-2.3"",""10.128025"""
"2004-03-31,""2004Mar"",""1.1"",""-2.2"",""10.259152"""
"2004-04-30,""2004Apr"",""1.7"",""2.7"",""10.269635"""
"2004-05-31,""2004May"",""2.2"",""7.3"",""10.283925"""
"2004-06-30,""2004Jun"",""1.9"",""5.0"",""10.304224"""
"2004-07-31,""2004Jul"",""1.9"",""5.9"",""10.335042"""
"2004-08-31,""2004Aug"",""2.2"",""6.4"",""10.379462"""
"2004-09-30,""2004Sep"",""1.9"",""6.2"",""10.437946"""
"2004-10-31,""2004Oct"",""2.2"",""9.5"",""10.509200"""
"2004-11-30,""2004Nov"",""1.9"",""7.1"",""10.586351"""
"2004-12-31,""2004Dec"",""2.3"",""4.7"",""10.665482"""
"2005-01-31,""2005Jan"",""1.7"",""5.4"",""10.745805"""
"2005-02-28,""2005Feb"",""1.8"",""6.4"",""10.862311"""
"2005-03-31,""2005Mar"",""1.8"",""8.5"",""10.942993"""
"2005-04-30,""2005Apr"",""1.4"",""9.1"",""11.193245"""
"2005-05-31,""2005May"",""1.5"",""6.0"",""11.231541"""
"2005-06-30,""2005Jun"",""1.7"",""10.1"",""11.243302"""
"2005-07-31,""2005Jul"",""1.9"",""11.6"",""11.235286"""
"2005-08-31,""2005Aug"",""1.9"",""11.4"",""11.192728"""
"2005-09-30,""2005Sep"",""2.6"",""15.9"",""11.108288"""
"2005-10-31,""2005Oct"",""2.4"",""12.6"",""10.988006"""
"2005-11-30,""2005Nov"",""2.3"",""11.7"",""10.855454"""
"2005-12-31,""2005Dec"",""2.1"",""14.4"",""10.729133"""
"2006-01-31,""2006Jan"",""2.1"",""15.5"",""10.624823"""
"2006-02-28,""2006Feb"",""2.1"",""14.6"",""10.541054"""
"2006-03-31,""2006Mar"",""1.9"",""11.8"",""10.456402"""
"2006-04-30,""2006Apr"",""2.2"",""12.7"",""10.347567"""
"2006-05-31,""2006May"",""2.1"",""13.6"",""10.217123"""
"2006-06-30,""2006Jun"",""2.1"",""11.8"",""10.087078"""
"2006-07-31,""2006Jul"",""2.1"",""10.1"",""9.986420"""
"2006-08-31,""2006Aug"",""1.7"",""8.0"",""9.909654"""
"2006-09-30,""2006Sep"",""0.9"",""0.7"",""9.829459"""
"2006-10-31,""2006Oct"",""1.0"",""-0.1"",""9.729609"""
"2006-11-30,""2006Nov"",""1.5"",""2.8"",""9.594719"""
"2006-12-31,""2006Dec"",""1.4"",""2.8"",""9.430186"""
"2007-01-31,""2007Jan"",""1.7"",""1.5"",""9.243304"""
"2007-02-28,""2007Feb"",""1.9"",""2.2"",""9.052405"""
"2007-03-31,""2007Mar"",""2.0"",""3.5"",""8.884637"""
"2007-04-30,""2007Apr"",""2.1"",""1.8"",""8.747844"""
"2007-05-31,""2007May"",""2.0"",""2.0"",""8.634795"""
"2007-06-30,""2007Jun"",""2.0"",""1.5"",""8.540737"""
"2007-07-31,""2007Jul"",""2.1"",""1.5"",""8.464734"""
"2007-08-31,""2007Aug"",""1.9"",""0.8"",""8.407069"""
"2007-09-30,""2007Sep"",""2.6"",""5.9"",""8.355804"""
"2007-10-31,""2007Oct"",""2.6"",""6.2"",""8.287532"""
"2007-11-30,""2007Nov"",""3.3"",""11.0"",""8.197513"""
"2007-12-31,""2007Dec"",""3.1"",""8.6"",""8.087306"""
"2008-01-31,""2008Jan"",""3.0"",""9.4"",""7.968530"""
"2008-02-29,""2008Feb"",""3.0"",""9.0"",""7.857730"""
"2008-03-31,""2008Mar"",""3.3"",""9.8"",""7.755223"""
"2008-04-30,""2008Apr"",""2.6"",""9.3"",""7.658001"""
"2008-05-31,""2008May"",""3.2"",""12.3"",""7.547907"""
"2008-06-30,""2008Jun"",""3.4"",""14.1"",""7.412541"""
"2008-07-31,""2008Jul"",""3.4"",""14.7"",""7.259702"""
"2008-08-31,""2008Aug"",""3.3"",""12.6"",""7.116045"""
"2008-09-30,""2008Sep"",""3.0"",""11.9"",""7.015406"""
"2008-10-31,""2008Oct"",""2.6"",""9.5"",""6.975443"""
"2008-11-30,""2008Nov"",""1.4"",""1.2"",""6.992851"""
"2008-12-31,""2008Dec"",""1.1"",""-0.8"",""7.054686"""
"2009-01-31,""2009Jan"",""1.0"",""-0.8"",""7.142836"""
"2009-02-28,""2009Feb"",""1.1"",""-1.2"",""7.229362"""
"2009-03-31,""2009Mar"",""0.3"",""-4.5"",""7.309538"""
"2009-04-30,""2009Apr"",""0.7"",""-5.2"",""7.388753"""
"2009-05-31,""2009May"",""-0.1"",""-7.8"",""7.468161"""
"2009-06-30,""2009Jun"",""0.0"",""-7.8"",""7.533289"""
"2009-07-31,""2009Jul"",""-0.7"",""-11.4"",""7.556713"""
"2009-08-31,""2009Aug"",""0.0"",""-6.9"",""7.525351"""
"2009-09-30,""2009Sep"",""-0.4"",""-8.9"",""7.450310"""
"2009-10-31,""2009Oct"",""-0.1"",""-6.9"",""7.350749"""
"2009-11-30,""2009Nov"",""0.3"",""-2.5"",""7.247757"""
"2009-12-31,""2009Dec"",""0.9"",""0.9"",""7.156540"""
"2010-01-31,""2010Jan"",""0.7"",""1.0"",""7.082429"""
"2010-02-28,""2010Feb"",""0.4"",""0.1"",""7.016938"""
"2010-03-31,""2010Mar"",""1.2"",""3.9"",""6.932963"""
"2010-04-30,""2010Apr"",""1.0"",""5.2"",""6.815492"""
"2010-05-31,""2010May"",""1.2"",""4.8"",""6.684261"""
"2010-06-30,""2010Jun"",""0.9"",""2.7"",""6.563529"""
"2010-07-31,""2010Jul"",""1.2"",""4.6"",""6.473072"""
"2010-08-31,""2010Aug"",""1.0"",""2.4"",""6.411988"""
"2010-09-30,""2010Sep"",""1.2"",""4.5"",""6.362775"""
"2010-10-31,""2010Oct"",""1.3"",""5.1"",""6.310286"""
"2010-11-30,""2010Nov"",""1.5"",""5.0"",""6.239726"""
"2010-12-31,""2010Dec"",""1.8"",""8.1"",""6.138640"""
"2011-01-31,""2011Jan"",""2.0"",""8.5"",""6.008306"""
"2011-02-28,""2011Feb"",""2.3"",""10.1"",""5.867594"""
"2011-03-31,""2011Mar"",""2.4"",""10.4"",""5.743308"""
"2011-04-30,""2011Apr"",""2.7"",""10.4"",""5.648152"""
"2011-05-31,""2011May"",""2.5"",""9.4"",""5.575873"""
"2011-06-30,""2011Jun"",""2.4"",""9.1"",""5.519918"""
"2011-07-31,""2011Jul"",""2.6"",""10.6"",""5.472149"""
"2011-08-31,""2011Aug"",""2.5"",""9.9"",""5.421907"""
"2011-09-30,""2011Sep"",""2.8"",""11.2"",""5.365774"""
"2011-10-31,""2011Oct"",""2.8"",""11.1"",""5.301535"""
"2011-11-30,""2011Nov"",""2.7"",""11.1"",""5.235509"""
"2011-12-31,""2011Dec"",""2.2"",""7.9"",""5.182987"""
"2012-01-31,""2012Jan"",""2.4"",""7.1"",""5.144487"""
"2012-02-29,""2012Feb"",""2.6"",""7.9"",""5.122851"""
"2012-03-31,""2012Mar"",""2.3"",""6.4"",""5.118118"""
"2012-04-30,""2012Apr"",""2.2"",""5.5"",""5.118686"""
"2012-05-31,""2012May"",""2.1"",""4.9"",""5.118347"""
"2012-06-30,""2012Jun"",""1.9"",""4.0"",""5.104360"""
"2012-07-31,""2012Jul"",""1.9"",""4.4"",""5.071746"""
"2012-08-31,""2012Aug"",""2.3"",""7.4"",""5.028978"""
"2012-09-30,""2012Sep"",""2.2"",""6.7"",""4.996522"""
"2012-10-31,""2012Oct"",""2.1"",""5.4"",""4.990220"""
"2012-11-30,""2012Nov"",""1.9"",""3.7"",""5.007362"""
"2012-12-31,""2012Dec"",""2.1"",""3.7"",""5.032613"""
"2013-01-31,""2013Jan"",""1.9"",""4.3"",""5.054203"""
"2013-02-28,""2013Feb"",""1.8"",""4.1"",""5.062997"""
"2013-03-31,""2013Mar"",""1.9"",""1.1"",""5.044619"""
"2013-04-30,""2013Apr"",""1.1"",""1.1"",""5.008335"""
"2013-05-31,""2013May"",""1.5"",""2.0"",""4.967178"""
"2013-06-30,""2013Jun"",""2.0"",""3.1"",""4.928655"""
"2013-07-31,""2013Jul"",""2.0"",""3.3"",""4.897453"""
"2013-08-31,""2013Aug"",""1.5"",""1.0"",""4.873892"""
"2013-09-30,""2013Sep"",""1.5"",""0.5"",""4.854286"""
"2013-10-31,""2013Oct"",""1.2"",""-0.1"",""4.841614"""
"2013-11-30,""2013Nov"",""1.6"",""0.1"",""4.841490"""
"2013-12-31,""2013Dec"",""1.2"",""1.4"",""4.847408"""
"2014-01-31,""2014Jan"",""1.1"",""-1.7"",""4.846388"""
"2014-02-28,""2014Feb"",""1.0"",""-2.6"",""4.826525"""
"2014-03-31,""2014Mar"",""0.7"",""-1.6"",""4.790609"""
"2014-04-30,""2014Apr"",""1.1"",""-1.3"",""4.750595"""
"2014-05-31,""2014May"",""0.7"",""-0.8"",""4.710765"""
"2014-06-30,""2014Jun"",""0.9"",""-0.3"",""4.688254"""
"2014-07-31,""2014Jul"",""0.7"",""-1.5"",""4.688383"""
"2014-08-31,""2014Aug"",""0.8"",""-1.9"",""4.699346"""
"2014-09-30,""2014Sep"",""0.8"",""-2.2"",""4.702677"""
"2014-10-31,""2014Oct"",""0.7"",""-2.1"",""4.683558"""
"2014-11-30,""2014Nov"",""0.5"",""-2.3"",""4.637926"""
"2014-12-31,""2014Dec"",""0.1"",""-6.5"",""4.575882"""
"2015-01-31,""2015Jan"",""-0.5"",""-8.9"",""4.517498"""
"2015-02-28,""2015Feb"",""-0.2"",""-7.2"",""4.475473"""
"2015-03-31,""2015Mar"",""0.3"",""-5.6"",""4.451004"""
"2015-04-30,""2015Apr"",""1.0"",""-5.8"",""4.431127"""
"2015-05-31,""2015May"",""1.6"",""-4.9"",""4.404449"""
"2015-06-30,""2015Jun"",""1.1"",""-5.8"",""4.368118"""
"2015-07-31,""2015Jul"",""1.3"",""-6.1"",""4.325683"""
"2015-08-31,""2015Aug"",""1.1"",""-7.5"",""4.290490"""
"2015-09-30,""2015Sep"",""0.8"",""-9.2"",""4.262803"""
"2015-10-31,""2015Oct"",""1.2"",""-8.7"",""4.242316"""
"2015-11-30,""2015Nov"",""0.2"",""-7.6"",""4.218961"""
"2015-12-31,""2015Dec"",""0.2"",""-6.5"",""4.184092"""
"2016-01-31,""2016Jan"",""0.4"",""-5.7"",""4.138310"""
"2016-02-29,""2016Feb"",""-0.1"",""-8.6"",""4.087998"""
"2016-03-31,""2016Mar"",""0.1"",""-8.9"",""4.044850"""
"2016-04-30,""2016Apr"",""-0.3"",""-8.5"",""4.012788"""
"2016-05-31,""2016May"",""-0.1"",""-8.0"",""3.988136"""
"2016-06-30,""2016Jun"",""0.1"",""-6.4"",""3.962500"""
"2016-07-31,""2016Jul"",""0.3"",""-7.0"",""3.924157"""
"2016-08-31,""2016Aug"",""0.3"",""-5.9"",""3.869618"""
"2016-09-30,""2016Sep"",""0.6"",""-3.6"",""3.808805"""
"2016-10-31,""2016Oct"",""0.7"",""-1.4"",""3.749502"""
"2016-11-30,""2016Nov"",""0.8"",""-2.6"",""3.700740"""
"2016-12-31,""2016Dec"",""1.6"",""2.4"",""3.671248"""
"2017-01-31,""2017Jan"",""1.7"",""5.9"",""3.654074"""
"2017-02-28,""2017Feb"",""2.1"",""7.2"",""3.639746"""
"2017-03-31,""2017Mar"",""1.5"",""5.2"",""3.622456"""
"2017-04-30,""2017Apr"",""2.0"",""5.0"",""3.597488"""
"2017-05-31,""2017May"",""1.3"",""2.0"",""3.565684"""
"2017-06-30,""2017Jun"",""1.7"",""-0.1"",""3.527591"""
"2017-07-31,""2017Jul"",""1.7"",""0.8"",""3.492991"""
"2017-08-31,""2017Aug"",""1.9"",""2.1"",""3.465955"""
"2017-09-30,""2017Sep"",""1.9"",""2.7"",""3.443140"""
"2017-10-31,""2017Oct"",""1.5"",""1.2"",""3.418431"""
"2017-11-30,""2017Nov"",""1.7"",""3.7"",""3.389175"""
"2017-12-31,""2017Dec"",""1.5"",""1.2"",""3.353830"""
"2018-01-31,""2018Jan"",""1.5"",""0.7"",""3.318246"""
"2018-02-28,""2018Feb"",""1.2"",""0.1"",""3.284379"""
"2018-03-31,""2018Mar"",""1.7"",""0.4"",""3.253404"""
"2018-04-30,""2018Apr"",""1.3"",""1.2"",""3.226459"""
"2018-05-31,""2018May"",""2.5"",""5.2"",""3.206094"""
"2018-06-30,""2018Jun"",""2.1"",""6.6"",""3.189291"""
"2018-07-31,""2018Jul"",""2.2"",""6.7"",""3.173499"""
"2018-08-31,""2018Aug"",""2.1"",""7.1"",""3.155910"""
"2018-09-30,""2018Sep"",""2.2"",""7.8"",""3.137587"""
"2018-10-31,""2018Oct"",""2.6"",""8.9"",""3.115204"""
"2018-11-30,""2018Nov"",""2.2"",""9.4"",""3.091816"""
"2018-12-31,""2018Dec"",""1.7"",""5.1"",""3.067181"""
"2019-01-31,""2019Jan"",""1.7"",""2.6"",""3.040551"""
"2019-02-28,""2019Feb"",""1.7"",""3.2"",""3.010891"""
"2019-03-31,""2019Mar"",""1.4"",""4.6"",""2.975456"""
"2019-04-30,""2019Apr"",""2.1"",""4.9"",""2.934808"""
"2019-05-31,""2019May"",""1.3"",""4.1"",""2.897181"""
"2019-06-30,""2019Jun"",""1.5"",""2.4"",""2.869729"""
"2019-07-31,""2019Jul"",""1.1"",""2.3"",""2.861252"""
"2019-08-31,""2019Aug"",""1.0"",""0.7"",""2.873677"""
"2019-09-30,""2019Sep"",""0.9"",""-1.2"",""2.901588"""
"2019-10-31,""2019Oct"",""0.9"",""-2.2"",""2.946679"""
"2019-11-30,""2019Nov"",""1.2"",""-4.0"",""3.006578"""
"2019-12-31,""2019Dec"",""1.5"",""0.1"",""3.077842"""
"2020-01-31,""2020Jan"",""1.6"",""3.3"",""3.162187"""
"2020-02-29,""2020Feb"",""1.7"",""2.2"",""3.267196"""
"2020-03-31,""2020Mar"",""1.3"",""-0.8"",""3.394102"""
"2020-04-30,""2020Apr"",""0.8"",""-5.6"",""3.534452"""
"2020-05-31,""2020May"",""0.5"",""-8.2"",""3.665350"""
"2020-06-30,""2020Jun"",""0.8"",""-5.9"",""3.769988"""
"2020-07-31,""2020Jul"",""0.0"",""-6.4"",""3.833678"""
"2020-08-31,""2020Aug"",""-0.1"",""-6.0"",""3.852613"""
"2020-09-30,""2020Sep"",""-0.4"",""-6.6"",""3.844333"""
"2020-10-31,""2020Oct"",""-0.5"",""-6.6"",""3.829070"""
"2020-11-30,""2020Nov"",""-0.7"",""-7.4"",""3.822811"""
"2020-12-31,""2020Dec"",""-0.7"",""-6.0"",""3.838086"""
"2021-01-31,""2021Jan"",""1.6"",""-2.2"",""3.864449"""
"2021-02-28,""2021Feb"",""1.6"",""0.2"",""3.878384"""
"2021-03-31,""2021Mar"",""2.0"",""4.5"",""3.856173"""
"2021-04-30,""2021Apr"",""2.1"",""7.6"",""3.795305"""
"2021-05-31,""2021May"",""2.4"",""9.5"",""3.703242"""
"2021-06-30,""2021Jun"",""2.1"",""9.0"",""3.600143"""
"2021-07-31,""2021Jul"",""3.1"",""11.2"",""3.505488"""
"2021-08-31,""2021Aug"",""3.4"",""12.1"",""3.440729"""
"2021-09-30,""2021Sep"",""4.1"",""13.6"",""3.407429"""
"2021-10-31,""2021Oct"",""4.6"",""18.1"",""3.391347"""
"2021-11-30,""2021Nov"",""6.0"",""21.6"",""3.378229"""
"2021-12-31,""2021Dec"",""5.7"",""18.1"",""3.352289"""
"2022-01-31,""2022Jan"",""5.1"",""20.6"",""3.305204"""
"2022-02-28,""2022Feb"",""5.5"",""22.4"",""3.245791"""
"2022-03-31,""2022Mar"",""7.6"",""37.6"",""3.185760"""
"2022-04-30,""2022Apr"",""7.8"",""34.5"",""3.137970"""
"2022-05-31,""2022May"",""8.7"",""37.5"",""3.113514"""
"2022-06-30,""2022Jun"",""8.2"",""37.4"",""3.114927"""
"2022-07-31,""2022Jul"",""8.5"",""35.6"",""3.130370"""
"2022-08-31,""2022Aug"",""8.8"",""35.8"",""3.146290"""
"2022-09-30,""2022Sep"",""10.9"",""44.2"",""3.151484"""
"2022-10-31,""2022Oct"",""11.6"",""43.5"",""3.143254"""
"2022-11-30,""2022Nov"",""11.3"",""40.1"",""3.122246"""
"2022-12-31,""2022Dec"",""9.6"",""25.1"",""3.087120"""
"2023-01-31,""2023Jan"",""9.2"",""25.1"",""3.048289"""
"2023-02-28,""2023Feb"",""9.3"",""21.6"",""3.012215"""
"2023-03-31,""2023Mar"",""7.8"",""6.1"",""2.988885"""
"2023-04-30,""2023Apr"",""7.6"",""9.4"",""2.981791"""
"2023-05-31,""2023May"",""6.3"",""5.0"",""2.990315"""
"2023-06-30,""2023Jun"",""6.8"",""4.0"",""3.011947"""
"2023-07-31,""2023Jul"",""6.5"",""3.9"",""3.045348"""
"2023-08-31,""2023Aug"",""6.4"",""5.3"",""3.084392"""
"2023-09-30,""2023Sep"",""4.3"",""-0.8"",""3.122696"""
"2023-10-31,""2023Oct"",""3.0"",""-6.0"",""3.157176"""
"2023-11-30,""2023Nov"",""2.3"",""-7.3"",""3.183787"""
"2023-12-31,""2023Dec"",""3.8"",""3.1"",""3.207623"""
"2024-01-31,""2024Jan"",""3.1"",""-3.0"",""3.235044"""
"2024-02-29,""2024Feb"",""2.7"",""-2.6"",""3.267304"""
"2024-03-31,""2024Mar"",""2.3"",""-2.9"",""3.309048"""
"2024-04-30,""2024Apr"",""2.4"",""-1.3"",""3.355208"""
"2024-05-31,""2024May"",""2.8"",""-1.2"",""3.397404"""
"2024-06-30,""2024Jun"",""2.5"",""-2.2"",""3.426527"""
"2024-07-31,""2024Jul"",""2.6"",""-1.9"",""3.439562"""
"2024-08-31,""2024Aug"",""2.0"",""-5.1"",""3.438157"""
"2024-09-30,""2024Sep"",""1.8"",""-7.5"",""3.432054"""
"2024-10-31,""2024Oct"",""2.4"",""-5.4"",""3.431921"""
"2024-11-30,""2024Nov"",""2.4"",""-3.6"",""3.445862"""
"2024-12-31,""2024Dec"",""2.8"",""-1.5"",""3.480351"""
"2025-01-31,""2025Jan"",""2.8"",""-1.3"",""3.531120"""
"2025-02-28,""2025Feb"",""2.6"",""-1.3"",""3.592167"""
"2025-03-31,""2025Mar"",""2.3"",""-2.6"",""3.648321"""
"2025-04-30,""2025Apr"",""2.2"",""-5.3"",""3.691346"""
"2025-05-31,""2025May"",""2.1"",""-4.5"",""3.720204"""
"2025-06-30,""2025Jun"",""2.0"",""-3.5"",""3.734882"""
"2025-07-31,""2025Jul"",""1.8"",""-3.4"",""3.740649"""
"2025-08-31,""2025Aug"",""2.1"",""-2.3"",""3.744351"""
"2025-09-30,""2025Sep"",""2.4"",""-0.7"""